,crdm_lott_amt,crdm_lott_p,crdm_amb_lev,alpha,beta,gamma
0,5.0,0.5,0.74,0.8986588674223884,-2.484802188787252,0.5044811271571049
